ts,appid,concurrent,peak_in_game,src
1788419190,301860,0,,single
1788419192,316720,0,,single
1788419193,862440,0,,single
1788419195,1422380,0,,single
1788419196,57400,0,,single
1788419197,900883,0,,single
1788419199,904750,0,,single
1788419200,976940,0,,single
1788419202,992740,0,,single
1788419203,1216080,0,,single
1788419205,1368860,0,,single
1788419206,1422050,0,,single
1788419207,1559430,0,,single
1788419209,1888430,0,,single
1788419210,2781210,0,,single
1788419212,3147900,0,,single
1788419213,2130,0,,single
1788419215,15280,0,,single
1788419216,15560,0,,single
1788419217,17340,0,,single
1788419219,33680,0,,single
1788419220,35010,0,,single
1788419222,47830,0,,single
1788419223,56437,0,,single
1788419224,71240,1,,single
1788419226,91900,0,,single
1788419227,95700,0,,single
1788419229,99830,0,,single
1788419230,107600,0,,single
1788419231,115300,0,,single
1788419233,211440,0,,single
1788419234,214190,0,,single
1788419236,214700,0,,single
1788419237,215670,0,,single
1788419238,220090,0,,single
1788419240,225280,0,,single
1788419241,227200,1,,single
1788419243,232450,0,,single
1788419244,234940,0,,single
1788419245,235340,0,,single
1788419247,239800,0,,single
1788419248,248550,0,,single
1788419249,250500,0,,single
1788419251,250560,1,,single
1788419252,250820,0,,single
1788419254,251170,0,,single
1788419255,252250,0,,single
1788419257,263500,0,,single
1788419258,265750,0,,single
1788419260,269050,0,,single
1788419261,270130,0,,single
1788419263,285580,0,,single
1788419264,287340,0,,single
1788419266,291410,0,,single
1788419267,294140,0,,single
1788419268,299680,1,,single
1788419270,314230,0,,single
1788419272,322770,0,,single
1788419273,322780,0,,single
1788419274,325260,1,,single
1788419276,327560,0,,single
1788419277,327690,0,,single
1788419279,331370,0,,single
1788419280,331500,0,,single
1788419282,336390,0,,single
1788419283,348620,0,,single
1788419285,349890,0,,single
1788419286,351990,0,,single
1788419287,352460,0,,single
1788419289,353130,0,,single
1788419290,369580,0,,single
1788419292,374670,0,,single
1788419293,375230,0,,single
1788419295,378660,0,,single
1788419296,385710,0,,single
1788419298,388520,0,,single
1788419299,393410,0,,single
1788419301,402570,0,,single
1788419302,407840,0,,single
1788419304,410380,1,,single
1788419305,411560,0,,single
1788419306,412400,0,,single
1788419308,415270,0,,single
1788419310,427270,0,,single
1788419311,429470,0,,single
1788419312,453340,0,,single
1788419314,457760,0,,single
1788419315,460060,0,,single
1788419317,461560,0,,single
1788419318,461910,0,,single
1788419320,468250,0,,single
1788419321,497640,0,,single
1788419323,502940,0,,single
1788419324,506540,0,,single
1788419326,511800,0,,single
1788419327,513230,0,,single
1788419329,517910,0,,single
1788419330,520530,2,,single
1788419332,526740,0,,single
1788419333,530700,0,,single
1788419335,545270,0,,single
1788419336,556820,0,,single
1788419338,578720,0,,single
1788419339,587220,0,,single
1788419341,644290,0,,single
1788419342,648120,1,,single
1788419344,648430,0,,single
1788419345,651150,0,,single
1788419347,660880,0,,single
1788419348,665490,0,,single
1788419350,676820,0,,single
1788419351,705220,0,,single
1788419353,723780,0,,single
1788419354,734580,0,,single
1788419356,735570,0,,single
1788419357,740250,0,,single
1788419359,744810,0,,single
1788419360,748370,0,,single
1788419362,751690,0,,single
1788419363,763410,0,,single
1788419365,809960,0,,single
1788419366,816350,0,,single
1788419368,835860,0,,single
1788419369,840260,0,,single
1788419371,876160,0,,single
1788419372,893520,0,,single
1788419379,901583,,,single
1788419380,920690,0,,single
1788419382,969680,0,,single
1788419383,971680,0,,single
1788419385,1022310,0,,single
1788419386,1024890,0,,single
1788419388,1057240,0,,single
1788419389,1057850,0,,single
1788419390,1061100,0,,single
1788419392,1067900,0,,single
1788419394,1071120,0,,single
1788419395,1072710,0,,single
1788419397,1094710,0,,single
1788419398,1098490,0,,single
1788419400,1104640,0,,single
1788419403,1106750,0,,single
1788419404,1114070,0,,single
1788419405,1120480,0,,single
1788419407,1122050,1,,single
1788419408,1127460,0,,single
1788419409,1144110,0,,single
1788419411,1162930,0,,single
1788419412,1189800,0,,single
1788419414,1201630,0,,single
1788419415,1206240,0,,single
1788419416,1220840,1,,single
1788419418,1233550,0,,single
1788419419,1254900,0,,single
1788419421,1284240,0,,single
1788419422,1289640,0,,single
1788419424,1292040,0,,single
1788419425,1310520,2,,single
1788419426,1318420,0,,single
1788419428,1332470,0,,single
1788419429,1341230,0,,single
1788419431,1371480,0,,single
1788419432,1372880,0,,single
1788419433,1399780,0,,single
1788419435,1424720,0,,single
1788419436,1426050,0,,single
1788419438,1435310,0,,single
1788419439,1451740,1,,single
1788419440,1469250,0,,single
1788419442,1493800,0,,single
1788419443,1497640,0,,single
1788419445,1506510,0,,single
1788419446,1509650,0,,single
1788419448,1509820,1,,single
1788419449,1546540,0,,single
1788419451,1554840,0,,single
1788419452,1681160,0,,single
1788419454,2267810,0,,single
1788419455,2344320,1,,single
1788419457,2487350,0,,single
1788419458,2685620,0,,single
1788419459,3267430,0,,single
1788419461,2360,0,,single
1788419462,2590,2,,single
1788419464,11280,0,,single
1788419465,12220,0,,single
1788419467,15500,1,,single
1788419468,15520,0,,single
1788419470,29800,0,,single
1788419471,32420,0,,single
1788419473,33229,0,,single
1788419474,42120,0,,single
1788419476,72000,0,,single
1788419477,94000,0,,single
1788419479,95300,0,,single
1788419480,99700,0,,single
1788419482,107800,0,,single
1788419483,200910,0,,single
1788419485,203210,0,,single
1788419486,207040,0,,single
1788419487,207650,0,,single
1788419489,208600,0,,single
1788419490,209270,0,,single
1788419492,209830,0,,single
1788419493,212390,1,,single
1788419494,219340,0,,single
1788419496,220460,0,,single
1788419497,224440,0,,single
1788419498,224540,0,,single
1788419500,225600,0,,single
1788419501,227160,0,,single
1788419503,227480,0,,single
1788419504,230840,0,,single
1788419506,231040,0,,single
1788419507,238280,0,,single
1788419508,239660,0,,single
1788419510,243160,2,,single
1788419511,243220,0,,single
1788419513,246700,0,,single
1788419514,248630,0,,single
1788419515,248800,0,,single
1788419517,251370,0,,single
1788419518,251830,0,,single
1788419520,259570,0,,single
1788419521,259600,0,,single
1788419523,260790,0,,single
1788419524,263020,0,,single
1788419525,263100,0,,single
1788419527,263560,0,,single
1788419529,264120,0,,single
1788419530,264240,0,,single
1788419532,266150,0,,single
1788419533,266490,0,,single
1788419535,270570,1,,single
1788419536,271570,0,,single
1788419538,272890,0,,single
1788419539,277930,0,,single
1788419541,280520,0,,single
1788419542,284460,0,,single
1788419544,288930,0,,single
1788419545,292630,0,,single
1788419547,293520,0,,single
1788419548,293540,0,,single
1788419549,295550,0,,single
1788419551,295690,0,,single
1788419552,296300,0,,single
1788419554,296910,0,,single
1788419555,297110,0,,single
1788419557,297350,0,,single
1788419563,300080,,,single
1788419565,302270,0,,single
1788419566,305960,0,,single
1788419567,306040,0,,single
1788419569,310890,0,,single
1788419570,312150,0,,single
1788419572,312210,0,,single
1788419573,313020,1,,single
1788419575,313630,1,,single
1788419576,317250,0,,single
1788419578,319140,0,,single
1788419579,320820,0,,single
1788419581,322300,0,,single
1788419587,323910,,,single
1788419589,331120,0,,single
1788419590,331200,0,,single
1788419591,332070,0,,single
1788419593,332500,0,,single
1788419594,335330,0,,single
1788419595,336130,0,,single
1788419597,337950,0,,single
1788419598,339580,0,,single
1788419600,340270,0,,single
1788419601,342480,0,,single
1788419603,343750,0,,single
1788419604,349720,0,,single
1788419605,351340,0,,single
1788419607,351800,0,,single
1788419608,361550,0,,single
1788419610,361800,0,,single
1788419611,366440,0,,single
1788419613,367600,0,,single
1788419614,368860,0,,single
1788419616,368990,0,,single
1788419617,369400,0,,single
1788419618,372540,0,,single
1788419620,373330,1,,single
1788419621,375510,0,,single
1788419623,376570,0,,single
1788419624,379980,0,,single
1788419626,380220,0,,single
1788419627,382050,0,,single
1788419629,383230,0,,single
1788419630,386010,0,,single
1788419632,388320,0,,single
1788419633,389040,0,,single
1788419635,389670,0,,single
1788419636,390720,0,,single
1788419637,400250,0,,single
1788419639,401810,0,,single
1788419640,404480,0,,single
1788419642,408120,0,,single
1788419643,408520,0,,single
1788419645,409510,0,,single
1788419646,412450,0,,single
1788419647,415590,0,,single
1788419649,415860,0,,single
1788419650,415880,0,,single
1788419652,416130,0,,single
1788419653,417890,0,,single
1788419654,419460,0,,single
1788419656,427760,0,,single
1788419657,427880,1,,single
1788419659,428370,0,,single
1788419660,429300,1,,single
1788419661,429940,0,,single
1788419663,434420,0,,single
1788419664,436560,0,,single
1788419666,439350,0,,single
1788419667,439370,0,,single
1788419669,451840,1,,single
1788419670,452490,1,,single
1788419672,454350,0,,single
1788419673,455120,0,,single
1788419675,457960,0,,single
1788419676,463390,0,,single
1788419677,465780,1,,single
1788419679,466660,0,,single
1788419680,467360,0,,single
1788419682,467820,0,,single
1788419683,468560,0,,single
1788419685,477270,0,,single
1788419686,486650,0,,single
1788419688,502550,1,,single
1788419689,503350,0,,single
1788419691,513560,0,,single
1788419692,518580,0,,single
1788419694,521340,0,,single
1788419695,523210,0,,single
1788419696,527270,1,,single
1788419698,529110,0,,single
1788419699,542310,0,,single
1788419703,552450,1,,single
1788419704,562590,0,,single
1788419706,566860,0,,single
1788419707,570460,0,,single
1788419709,578210,0,,single
1788419710,590690,0,,single
1788419711,594770,0,,single
1788419713,600140,0,,single
1788419714,603880,0,,single
1788419716,606140,0,,single
1788419717,611160,0,,single
1788419719,619080,0,,single
1788419720,628730,0,,single
1788419722,632070,0,,single
1788419723,658570,0,,single
1788419725,658980,0,,single
1788419726,666020,0,,single
1788419728,672640,0,,single
1788419729,673000,0,,single
1788419731,676840,0,,single
1788419732,681660,0,,single
1788419734,684200,0,,single
1788419735,686600,0,,single
1788419737,689090,0,,single
1788419738,690510,0,,single
1788419739,692840,1,,single
1788419741,707680,0,,single
1788419742,709440,1,,single
1788419744,723270,0,,single
1788419745,728540,0,,single
1788419747,731620,0,,single
1788419748,733210,0,,single
1788419749,746930,0,,single
1788419751,750050,0,,single
1788419752,757130,0,,single
1788419754,762220,0,,single
1788419755,770390,0,,single
1788419757,788690,0,,single
1788419758,791930,0,,single
1788419760,792990,0,,single
1788419761,802200,0,,single
1788419763,803140,0,,single
1788419765,805850,0,,single
1788419766,833090,0,,single
1788419768,838900,0,,single
1788419769,859680,0,,single
1788419770,862480,0,,single
1788419772,866540,0,,single
1788419774,868980,0,,single
1788419775,874240,0,,single
1788419777,887830,0,,single
1788419778,889480,2,,single
1788419780,921060,0,,single
1788419781,927350,0,,single
1788419783,928950,0,,single
1788419784,939510,0,,single
1788419786,943150,0,,single
1788419787,950460,0,,single
1788419789,950670,0,,single
1788419790,955060,0,,single
1788419792,957790,0,,single
1788419793,984560,0,,single
1788419795,987350,0,,single
1788419796,992640,1,,single
1788419798,992910,0,,single
1788419799,999730,0,,single
1788419801,1032520,0,,single
1788419802,1040550,1,,single
1788419803,1060600,0,,single
1788419805,1063770,0,,single
1788419806,1075950,0,,single
1788419807,1082680,0,,single
1788419809,1089710,0,,single
1788419810,1093720,0,,single
1788419812,1098292,0,,single
1788419813,1098293,0,,single
1788419814,1103950,0,,single
1788419816,1106770,0,,single
1788419817,1131240,1,,single
1788419819,1133430,0,,single
1788419820,1142130,0,,single
1788419822,1147660,0,,single
1788419823,1158980,0,,single
1788419825,1173380,0,,single
1788419826,1180030,1,,single
1788419828,1181790,0,,single
1788419829,1185560,0,,single
1788419830,1188680,1,,single
1788419832,1192640,1,,single
1788419833,1194740,0,,single
1788419835,1226470,0,,single
1788419836,1239430,0,,single
1788419838,1241520,0,,single
1788419839,1248990,0,,single
1788419841,1253950,0,,single
1788419842,1264740,0,,single
1788419843,1274140,0,,single
1788419845,1288170,1,,single
1788419846,1301210,0,,single
1788419847,1318090,1,,single
1788419849,1318940,0,,single
1788419850,1320550,0,,single
1788419852,1361700,0,,single
1788419853,1375530,0,,single
1788419854,1382320,0,,single
1788419856,1406040,0,,single
1788419857,1408680,0,,single
1788419859,1418100,1,,single
1788419860,1454890,1,,single
1788419861,1460830,0,,single
1788419863,1508030,0,,single
1788419864,1522660,0,,single
1788419866,1549180,0,,single
1788419867,1549750,1,,single
1788419868,1591520,1,,single
1788419870,1601680,0,,single
1788419871,1672140,0,,single
1788419873,1674470,0,,single
1788419874,1702320,0,,single
1788419875,1766010,0,,single
1788419877,1770080,0,,single
1788419878,1853760,1,,single
1788419880,1924780,4,,single
1788419881,2184150,0,,single
1788419883,2362740,0,,single
1788419884,2431100,0,,single
1788419885,2925510,0,,single
1788419887,998930,4,,single
1788419888,1057680,0,,single
1788419890,3438990,0,,single
1788419891,888090,0,,single
1788419892,386480,0,,single
1788419894,1747650,1,,single
1788419895,665090,1,,single
1788419897,242840,0,,single
1788419898,371040,0,,single
1788419900,431540,0,,single
1788419901,1178050,0,,single
1788419902,906870,0,,single
1788419904,3253440,0,,single
1788419905,385270,0,,single
1788419906,1147750,0,,single
1788419908,2621150,0,,single
1788419909,292380,0,,single
1788419911,1092040,2,,single
1788419912,1300,1,,single
1788419914,1132730,1,,single
1788419915,2579270,0,,single
1788419916,355150,1,,single
1788419918,364050,0,,single
1788419919,1375870,0,,single
1788419921,1205240,0,,single
1788419922,1490610,0,,single
1788419923,2757350,0,,single
1788419925,484950,0,,single
1788419926,1133730,0,,single
1788419928,1114860,0,,single
1788419929,551110,0,,single
1788419930,1583570,0,,single
1788419932,578540,0,,single
1788419933,440730,0,,single
1788419935,1250870,0,,single
1788419936,565120,0,,single
1788419937,1717250,0,,single
1788419939,885640,0,,single
1788419940,885140,0,,single
1788419942,384150,0,,single
1788419943,1731520,2,,single
1788419945,356070,0,,single
1788419946,603260,0,,single
1788419948,508390,0,,single
1788419949,428900,0,,single
1788419951,299480,0,,single
1788419952,489610,0,,single
1788419953,691280,1,,single
1788419955,1362420,0,,single
1788419956,317850,0,,single
1788419958,334070,0,,single
1788419959,1807750,1,,single
1788419961,367570,0,,single
1788419962,2395810,0,,single
1788419964,369420,2,,single
1788419965,906390,0,,single
1788419967,1438440,0,,single
1788419968,2403290,0,,single
1788419970,1046470,0,,single
1788419971,2840210,1,,single
1788419973,485890,0,,single
1788419974,1207850,0,,single
1788419976,347290,0,,single
1788419977,1396150,0,,single
1788419979,828050,0,,single
1788419980,444690,0,,single
1788419982,764920,0,,single
1788419983,1157250,0,,single
1788419985,317510,0,,single
1788419986,1485250,0,,single
1788419988,1089790,0,,single
1788419989,342640,0,,single
1788419990,330350,1,,single
1788419992,18820,0,,single
1788419994,408280,0,,single
1788419995,572520,0,,single
1788419997,234490,0,,single
1788419998,744800,0,,single
1788420000,734910,0,,single
1788420001,780800,0,,single
1788420002,400180,0,,single
1788420004,1281080,0,,single
1788420005,338000,1,,single
1788420007,1054550,1,,single
1788420008,259020,0,,single
1788420010,822800,0,,single
1788420012,280010,0,,single
1788420013,1260130,2,,single
1788420015,392280,0,,single
1788420017,398680,1,,single
1788420018,285070,0,,single
1788420020,610960,0,,single
1788420021,739080,1,,single
1788420023,287100,0,,single
1788420024,405010,0,,single
1788420026,681390,0,,single
1788420027,263680,0,,single
1788420029,3410310,0,,single
1788420030,1914970,0,,single
1788420032,1465890,0,,single
1788420033,301840,0,,single
1788420035,406870,2,,single
1788420036,891360,0,,single
1788420038,875310,0,,single
1788420039,950530,0,,single
1788420041,895220,0,,single
1788420042,1003360,0,,single
1788420044,385830,0,,single
1788420045,1691320,0,,single
1788420046,486690,0,,single
1788420048,576470,0,,single
1788420049,1009990,0,,single
1788420051,698870,0,,single
1788420052,209730,1,,single
1788420054,602890,0,,single
1788420055,528610,0,,single
1788420056,1012240,0,,single
1788420058,285840,0,,single
1788420059,982580,0,,single
1788420061,262550,0,,single
1788420062,1675670,0,,single
1788420064,414160,0,,single
1788420065,396790,1,,single
1788420066,685670,0,,single
1788420068,2805060,0,,single
1788420069,1340810,0,,single
1788420071,270090,0,,single
1788420072,255370,0,,single
1788420074,1105810,0,,single
1788420075,3029990,1,,single
1788420077,1032670,0,,single
1788420078,1010860,0,,single
1788420080,892630,0,,single
1788420081,865090,0,,single
1788420083,431260,0,,single
1788420084,423890,1,,single
1788420086,2846060,0,,single
1788420087,527340,0,,single
1788420089,794490,0,,single
1788420090,958850,0,,single
1788420092,574820,0,,single
1788420093,1941410,1,,single
1788420095,1110690,0,,single
1788420096,1994230,0,,single
1788420098,409690,0,,single
1788420099,911220,1,,single
1788420101,2529540,0,,single
1788420102,497400,1,,single
1788420103,2347910,0,,single
1788420105,242130,0,,single
1788420106,311480,0,,single
1788420108,751820,0,,single
1788420109,340810,0,,single
1788420111,947940,0,,single
1788420112,571350,0,,single
1788420113,1062060,0,,single
1788420115,454410,0,,single
1788420116,2867510,0,,single
1788420118,407300,0,,single
1788420119,1525410,0,,single
1788420120,349500,0,,single
1788420122,270050,0,,single
1788420123,598450,0,,single
1788420125,391420,0,,single
1788420126,359350,0,,single
1788420128,1903560,2,,single
1788420129,629770,0,,single
1788420131,547360,0,,single
1788420132,265830,0,,single
1788420134,1147960,0,,single
1788420135,1113940,0,,single
1788420137,2084450,0,,single
1788420138,316930,0,,single
1788420139,805270,0,,single
1788420141,1734070,0,,single
1788420142,1153130,0,,single
1788420144,1450180,0,,single
1788420145,1577320,0,,single
1788420147,501840,0,,single
1788420148,432100,0,,single
1788420149,219700,0,,single
1788420151,896440,1,,single
1788420152,1016110,0,,single
1788420154,250030,0,,single
1788420155,913010,0,,single
1788420156,754040,0,,single
1788420158,395160,1,,single
1788420159,404200,0,,single
1788420161,424590,0,,single
1788420162,1010870,0,,single
1788420164,251850,0,,single
1788420165,505750,0,,single
1788420167,434000,1,,single
1788420168,1408110,0,,single
1788420170,330460,1,,single
1788420171,895670,0,,single
1788420173,403740,0,,single
1788420174,942930,0,,single
1788420175,408740,0,,single
1788420177,524640,0,,single
1788420178,2537010,0,,single
1788420180,311140,0,,single
1788420181,2753730,0,,single
1788420183,219190,0,,single
1788420184,321870,0,,single
1788420186,740290,0,,single
1788420187,502740,0,,single
1788420189,1194830,0,,single
1788420190,98100,0,,single
1788420191,355970,0,,single
1788420193,676430,0,,single
1788420194,1170640,1,,single
1788420196,1231590,0,,single
1788420197,200230,0,,single
1788420199,7530,83,,single
1788420200,737520,1,,single
1788420202,671720,0,,single
1788420203,1506620,0,,single
1788420204,1211360,0,,single
1788420206,1397010,0,,single
1788420207,642560,1,,single
1788420209,1325310,0,,single
1788420210,1494190,1,,single
1788420212,265000,0,,single
1788420213,790540,0,,single
1788420215,3334690,0,,single
1788420216,987900,0,,single
1788420217,287120,0,,single
1788420219,673450,0,,single
1788420220,294370,0,,single
1788420222,569530,0,,single
1788420223,263820,0,,single
1788420224,896590,0,,single
1788420226,661290,0,,single
1788420227,861050,1,,single
1788420229,3345960,1,,single
1788420230,27940,0,,single
1788420232,912570,1,,single
1788420233,1070020,0,,single
1788420235,412770,0,,single
1788420236,300300,0,,single
1788420238,854570,0,,single
1788420239,421700,0,,single
1788420241,1082450,0,,single
1788420242,356510,0,,single
1788420243,754050,0,,single
1788420245,1721170,0,,single
1788420246,493720,0,,single
1788420248,262450,1,,single
1788420249,3232040,0,,single
1788420251,288880,0,,single
1788420252,206610,1,,single
1788420254,980850,0,,single
1788420256,368590,0,,single
1788420257,310700,0,,single
1788420259,733300,0,,single
1788420260,1069360,0,,single
1788420262,248490,0,,single
1788420263,266390,0,,single
1788420264,692920,0,,single
1788420266,2450100,0,,single
1788420267,377140,1,,single
1788420269,643870,1,,single
1788420271,977230,1,,single
1788420272,871990,0,,single
1788420274,753220,0,,single
1788420275,1232570,1,,single
1788420277,656600,0,,single
1788420278,888530,0,,single
1788420280,1396890,0,,single
1788420281,616220,0,,single
1788420283,392450,0,,single
1788420284,1147030,0,,single
1788420286,207530,0,,single
1788420287,302010,0,,single
1788420289,720030,0,,single
1788420290,920190,0,,single
1788420292,314250,0,,single
1788420294,1215180,0,,single
1788420295,340830,0,,single
1788420297,949060,0,,single
1788420298,234160,0,,single
1788420300,2343930,1,,single
1788420303,1093330,0,,single
1788420304,1057430,0,,single
1788420306,975510,0,,single
1788420307,2964280,0,,single
1788420309,557040,0,,single
1788420310,1174390,0,,single
1788420312,326840,0,,single
1788420313,948900,0,,single
1788420315,1584840,0,,single
1788420316,260250,0,,single
1788420318,438420,0,,single
1788420319,1348700,0,,single
1788420321,442810,1,,single
1788420322,1323830,0,,single
1788420324,243000,1,,single
1788420325,315840,1,,single
1788420327,378100,0,,single
1788420328,2092850,1,,single
1788420329,321950,0,,single
1788420331,426310,3,,single
1788420332,1657810,0,,single
1788420334,457860,0,,single
1788420335,1455900,0,,single
1788420337,1429740,0,,single
1788420338,2599370,0,,single
1788420340,987150,0,,single
1788420341,1096590,0,,single
1788420342,264280,0,,single
1788420344,455300,0,,single
1788420345,1295630,0,,single
1788420347,1353920,0,,single
1788420348,351150,0,,single
1788420350,351470,0,,single
1788420351,485350,0,,single
1788420352,862580,0,,single
1788420354,319250,0,,single
1788420355,619280,0,,single
1788420357,466890,0,,single
1788420358,211360,0,,single
1788420360,797390,0,,single
1788420361,2178570,0,,single
1788420363,1755180,2,,single
1788420364,653950,0,,single
1788420366,1463780,0,,single
1788420367,1193040,0,,single
1788420369,629000,0,,single
1788420370,1114260,0,,single
1788420372,719590,0,,single
1788420373,1005340,0,,single
1788420375,658470,0,,single
1788420376,288040,0,,single
1788420378,304950,0,,single
1788420379,209790,0,,single
1788420381,253610,0,,single
1788420382,500670,0,,single
1788420384,1641670,0,,single
1788420385,402260,0,,single
1788420387,213030,0,,single
1788420388,475490,0,,single
1788420390,1422420,1,,single
1788420391,740200,0,,single
1788420393,1462650,0,,single
1788420394,1520380,0,,single
1788420395,512060,0,,single
1788420397,61600,0,,single
1788420398,476420,0,,single
1788420400,2469200,0,,single
1788420401,1202650,0,,single
1788420403,1648610,0,,single
1788420404,321980,0,,single
1788420406,1365720,0,,single
1788420407,471330,0,,single
1788420409,2281650,0,,single
1788420410,931000,0,,single
1788420412,702150,0,,single
1788420413,669290,0,,single
1788420415,1376420,0,,single
1788420416,301460,0,,single
1788420418,1428470,0,,single
1788420419,400660,0,,single
1788420421,517130,1,,single
1788420422,265810,1,,single
1788420424,1813170,2,,single
1788420425,1427800,0,,single
1788420427,740470,0,,single
1788420428,292570,0,,single
1788420430,446620,0,,single
1788420431,378690,1,,single
1788420433,537430,0,,single
1788420434,840130,0,,single
1788420436,3027260,1,,single
1788420437,1452830,0,,single
1788420438,836490,0,,single
1788420440,344130,0,,single
1788420441,339130,0,,single
1788420443,414080,0,,single
1788420445,449050,0,,single
1788420446,1678140,0,,single
1788420448,299260,0,,single
1788420449,263360,0,,single
1788420451,1017410,0,,single
1788420452,382300,0,,single
1788420454,1023980,0,,single
1788420455,313140,0,,single
1788420457,271920,0,,single
1788420458,508600,0,,single
1788420460,543240,0,,single
1788420461,415740,0,,single
1788420463,842420,1,,single
1788420464,212050,0,,single
1788420465,1094420,0,,single
1788420467,1573090,0,,single
1788420468,823830,0,,single
1788420470,2566880,0,,single
1788420471,1572810,0,,single
1788420473,48950,0,,single
1788420474,249950,0,,single
1788420475,1908250,0,,single
1788420477,290690,0,,single
1788420478,1132760,0,,single
1788420480,492150,1,,single
1788420481,1446330,0,,single
1788420483,289760,0,,single
1788420484,1890950,1,,single
1788420486,2564880,0,,single
1788420487,616830,0,,single
1788420489,498500,0,,single
1788420490,224000,0,,single
1788420492,459090,0,,single
1788420493,384550,0,,single
1788420495,726910,1,,single
1788420496,252170,0,,single
1788420498,1106140,0,,single
1788420499,253690,0,,single
1788420501,776580,0,,single
1788420502,343270,0,,single
1788420504,262850,0,,single
1788420505,1081560,0,,single
1788420507,330990,2,,single
1788420508,753230,0,,single
1788420510,576860,0,,single
1788420511,2351330,1,,single
1788420513,259510,0,,single
1788420514,427980,0,,single
1788420516,1899400,0,,single
1788420517,2744150,0,,single
1788420519,324650,0,,single
1788420520,527700,0,,single
1788420522,2179290,0,,single
1788420523,229520,0,,single
1788420524,1016360,0,,single
1788420526,779090,0,,single
1788420527,458000,0,,single
1788420529,267900,0,,single
1788420530,265120,1,,single
1788420532,360510,0,,single
1788420533,594680,0,,single
1788420535,327060,0,,single
1788420536,230980,0,,single
1788420538,567580,0,,single
1788420539,1116230,0,,single
1788420541,658890,0,,single
1788420542,581120,0,,single
1788420544,383460,0,,single
1788420545,70120,1,,single
1788420546,295930,0,,single
1788420548,746400,0,,single
1788420549,1266980,0,,single
1788420551,427240,0,,single
1788420552,470780,0,,single
1788420554,656700,0,,single
1788420555,713530,0,,single
1788420557,1089650,0,,single
1788420558,1342790,0,,single
1788420559,581030,0,,single
1788420561,1092430,0,,single
1788420563,277490,0,,single
1788420564,246300,0,,single
1788420566,2777230,0,,single
1788420567,586950,0,,single
1788420569,989450,0,,single
1788420570,952420,0,,single
1788420571,348460,0,,single
1788420573,526540,0,,single
1788420574,792030,0,,single
1788420576,485670,0,,single
1788420577,1422540,0,,single
1788420579,340580,1,,single
1788420580,1140740,0,,single
1788420582,1077730,0,,single
1788420583,1429100,0,,single
1788420585,489600,0,,single
1788420586,693800,0,,single
1788420588,525640,0,,single
1788420589,1141650,0,,single
1788420591,490840,0,,single
1788420592,3332640,0,,single
1788420593,2336440,0,,single
1788420595,529440,0,,single
1788420596,392080,2,,single
1788420598,327880,0,,single
1788420599,491000,0,,single
1788420601,669580,0,,single
1788420603,3597690,0,,single
1788420604,441050,0,,single
1788420606,207250,0,,single
1788420607,1515290,0,,single
1788420609,211580,0,,single
1788420610,529150,0,,single
1788420612,370190,0,,single
1788420613,489380,0,,single
1788420615,1058530,0,,single
1788420616,271640,0,,single
1788420618,2475440,0,,single
1788420619,307170,0,,single
1788420621,1411670,1,,single
1788420622,510620,0,,single
1788420623,1251210,0,,single
1788420625,923910,0,,single
1788420626,105100,0,,single
1788420628,1514950,0,,single
1788420629,390030,0,,single
1788420631,2657850,0,,single
1788420632,222140,0,,single
1788420634,1287260,0,,single
1788420635,290530,0,,single
1788420636,594220,0,,single
1788420638,1008580,0,,single
1788420639,1019940,0,,single
1788420641,277870,0,,single
1788420642,3107880,0,,single
1788420644,678520,0,,single
1788420645,299660,0,,single
1788420647,1220170,1,,single
1788420648,676770,0,,single
1788420650,3151250,0,,single
1788420651,354860,0,,single
1788420653,431450,0,,single
1788420654,366640,0,,single
1788420656,825380,0,,single
1788420657,1532180,0,,single
1788420659,534220,0,,single
1788420660,691160,0,,single
1788420661,1116550,0,,single
1788420663,2506820,0,,single
1788420665,476480,0,,single
1788420666,793690,0,,single
1788420668,963400,0,,single
1788420669,269890,0,,single
1788420670,259620,0,,single
1788420672,2131350,0,,single
1788420674,345120,0,,single
1788420675,246680,0,,single
1788420677,369080,0,,single
1788420678,1514660,0,,single
1788420680,1493300,0,,single
1788420681,319570,0,,single
1788420683,314240,0,,single
1788420684,1066900,0,,single
1788420686,394540,0,,single
1788420687,235720,0,,single
1788420689,1274300,1,,single
1788420690,9500,1,,single
1788420691,848550,0,,single
1788420693,647570,0,,single
1788420694,1696670,0,,single
1788420696,263880,0,,single
1788420697,3574510,0,,single
1788420699,1397980,0,,single
1788420700,777590,0,,single
1788420701,601540,0,,single
1788420703,2933180,0,,single
1788420704,3209620,0,,single
1788420706,650330,0,,single
1788420707,739190,0,,single
1788420709,252910,0,,single
1788420710,2524360,0,,single
1788420712,2085800,0,,single
1788420713,391780,0,,single
1788420715,1339860,0,,single
1788420716,1098270,0,,single
1788420718,624460,0,,single
1788420719,827640,0,,single
1788420721,967240,0,,single
1788420722,328940,0,,single
1788420723,779990,0,,single
1788420725,336670,0,,single
1788420726,579760,0,,single
1788420728,1216470,0,,single
1788420729,484870,0,,single
1788420731,2168810,0,,single
1788420732,696140,0,,single
1788420734,401360,0,,single
1788420735,291330,0,,single
1788420737,1248820,1,,single
1788420738,1258710,0,,single
1788420740,821500,0,,single
1788420742,1726730,0,,single
1788420743,397310,0,,single
1788420745,270310,0,,single
1788420746,111100,0,,single
1788420748,405950,1,,single
1788420749,1252320,0,,single
1788420751,520600,0,,single
1788420752,882110,0,,single
1788420754,307350,0,,single
1788420755,723890,0,,single
1788420757,363420,0,,single
1788420758,1050670,0,,single
1788420760,1296560,0,,single
1788420761,675630,0,,single
1788420763,668170,0,,single
1788420764,254590,0,,single
1788420766,1098170,1,,single
1788420767,339910,0,,single
1788420768,931270,0,,single
1788420770,597700,0,,single
1788420772,463030,0,,single
1788420773,442710,0,,single
1788420775,34470,0,,single
1788420776,1841390,0,,single
1788420777,357720,0,,single
1788420779,457320,0,,single
1788420780,377430,0,,single
1788420782,546400,1,,single
1788420783,1138410,0,,single
1788420785,1839820,0,,single
1788420786,1481780,0,,single
1788420788,656610,0,,single
1788420789,1048950,0,,single
1788420791,1530720,0,,single
1788420792,1730650,0,,single
1788420794,370460,0,,single
1788420795,703940,0,,single
1788420797,512220,0,,single
1788420798,663300,0,,single
1788420800,1169200,0,,single
1788420801,40930,0,,single
1788420803,1342340,0,,single
1788420804,986220,0,,single
1788420805,1641450,0,,single
1788420807,861350,0,,single
1788420808,1659800,0,,single
1788420810,375680,0,,single
1788420811,394120,0,,single
1788420813,1997630,0,,single
1788420814,990920,0,,single
1788420816,284990,0,,single
1788420817,1340640,0,,single
1788420819,474010,1,,single
1788420820,269370,0,,single
1788420822,2154230,0,,single
1788420823,699240,0,,single
1788420825,502090,1,,single
1788420826,1696960,0,,single
1788420828,640050,0,,single
1788420829,1704060,0,,single
1788420831,676090,0,,single
1788420832,591380,0,,single
1788420833,975950,0,,single
1788420835,2959670,0,,single
1788420836,542400,0,,single
1788420838,2023050,1,,single
1788420839,974090,0,,single
1788420840,822540,0,,single
1788420842,239090,0,,single
1788420843,343630,0,,single
1788420845,1340470,0,,single
1788420846,2455340,0,,single
1788420847,957710,0,,single
1788420849,2062550,1,,single
1788420850,234920,0,,single
1788420852,280040,0,,single
1788420853,600080,0,,single
1788420855,363460,0,,single
1788420861,901776,,,single
1788420863,390660,0,,single
1788420864,1215270,0,,single
1788420866,1172980,1,,single
1788420867,636070,0,,single
1788420869,346970,0,,single
1788420870,265950,0,,single
1788420872,300220,0,,single
1788420873,255340,0,,single
1788420875,388340,0,,single
1788420876,1652680,0,,single
1788420878,1566450,0,,single
1788420879,429700,0,,single
1788420881,520860,0,,single
1788420882,476700,0,,single
1788420884,267060,0,,single
1788420885,2004590,0,,single
1788420887,19200,0,,single
1788420888,249360,0,,single
1788420890,1378020,0,,single
1788420892,1788170,0,,single
1788420894,344480,1,,single
1788420895,1195020,0,,single
1788420896,393930,0,,single
1788420898,1548320,0,,single
1788420899,799510,0,,single
1788420901,286140,0,,single
1788420902,32160,0,,single
1788420903,1158500,0,,single
1788420905,252570,0,,single
1788420906,1020780,0,,single
1788420908,105300,0,,single
1788420909,813700,0,,single
1788420910,1124090,0,,single
1788420912,1290710,0,,single
1788420913,2949580,0,,single
1788420915,1209000,2,,single
1788420916,1004330,0,,single
1788420917,280140,0,,single
1788420919,598440,0,,single
1788420920,1218260,0,,single
1788420922,406130,0,,single
1788420923,1102780,0,,single
1788420925,206760,0,,single
1788420926,874040,0,,single
1788420928,703280,0,,single
1788420929,111400,0,,single
1788420931,1546500,2,,single
1788420932,1796200,0,,single
1788420934,293840,0,,single
1788420935,698260,0,,single
1788420936,295750,0,,single
1788420938,1569550,0,,single
1788420939,453750,1,,single
1788420941,1103730,0,,single
1788420942,1274360,0,,single
1788420943,1303660,1,,single
1788420945,853500,0,,single
1788420946,359140,0,,single
1788420948,1586750,0,,single
1788420949,949970,2,,single
1788420950,655770,0,,single
1788420952,394680,0,,single
1788420953,1703610,0,,single
1788420955,1463890,1,,single
1788420956,399070,0,,single
1788420958,1494260,0,,single
1788420959,1276550,0,,single
1788420961,2761510,0,,single
1788420962,622770,1,,single
1788420964,504300,0,,single
1788420965,613900,0,,single
1788420967,2769070,0,,single
1788420968,622040,0,,single
1788420970,1461680,0,,single
1788420971,791180,0,,single
1788420973,1756160,0,,single
1788420974,1101180,0,,single
1788420976,1057720,0,,single
1788420977,949370,0,,single
1788420979,1442450,0,,single
1788420980,715050,0,,single
1788420982,987720,0,,single
1788420984,1329350,0,,single
1788420985,529910,0,,single
1788420986,1184210,0,,single
1788420988,1060320,0,,single
1788420989,424830,0,,single
1788420991,284930,0,,single
1788420992,873270,1,,single
1788420994,685680,0,,single
1788420995,234290,0,,single
1788420997,1989560,0,,single
1788420998,279260,0,,single
1788421000,25860,0,,single
1788421001,1162700,1,,single
1788421003,2404170,0,,single
1788421004,359400,0,,single
1788421005,370440,0,,single
1788421007,349320,0,,single
1788421008,444260,0,,single
1788421010,363610,2,,single
1788421011,1161270,0,,single
1788421013,870290,0,,single
1788421014,458580,0,,single
1788421015,278620,0,,single
1788421017,391140,0,,single
1788421018,904310,0,,single
1788421020,365820,0,,single
1788421022,1115980,0,,single
1788421023,1355930,0,,single
1788421025,474220,0,,single
1788421026,564150,1,,single
1788421027,1178210,1,,single
1788421029,3002930,1,,single
1788421030,2941350,0,,single
1788421032,351790,1,,single
1788421033,396310,0,,single
1788421035,559010,0,,single
1788421036,687980,0,,single
1788421038,1379020,0,,single
1788421039,2701910,0,,single
1788421041,2657900,0,,single
1788421042,661940,0,,single
1788421044,1520270,0,,single
1788421045,845870,0,,single
1788421046,586880,0,,single
1788421048,348950,0,,single
1788421049,475240,0,,single
1788421051,1984190,0,,single
1788421052,248350,0,,single
1788421053,308580,0,,single
1788421055,2427950,0,,single
1788421056,1065020,1,,single
1788421058,280360,0,,single
1788421059,504490,0,,single
1788421060,773520,0,,single
1788421062,387370,0,,single
1788421063,459010,0,,single
1788421065,1101930,0,,single
1788421066,663240,0,,single
1788421068,441010,0,,single
1788421069,371330,0,,single
1788421071,676420,0,,single
1788421072,1256060,0,,single
1788421074,952950,0,,single
1788421075,1192010,0,,single
1788421077,1383740,0,,single
1788421078,677810,0,,single
1788421080,1078970,1,,single
1788421081,1000380,0,,single
1788421083,469890,0,,single
1788421084,463850,0,,single
1788421086,258090,0,,single
1788421087,589940,0,,single
1788421089,259870,0,,single
1788421090,1105040,0,,single
1788421092,1300430,0,,single
1788421093,1828630,0,,single
1788421095,307590,0,,single
1788421096,734920,0,,single
1788421098,355530,0,,single
1788421099,2257460,0,,single
1788421101,330180,0,,single
1788421102,1095260,0,,single
1788421104,1075140,0,,single
1788421105,3081810,2,,single
1788421107,287370,0,,single
1788421108,1156380,0,,single
1788421110,1801850,0,,single
1788421111,1172390,0,,single
1788421113,1595710,0,,single
1788421114,956140,1,,single
1788421115,346630,1,,single
1788421117,485370,0,,single
1788421118,319560,0,,single
1788421120,287371,0,,single
1788421121,337480,0,,single
1788421123,1348970,0,,single
1788421124,397690,0,,single
1788421126,1077230,0,,single
1788421127,389700,0,,single
1788421128,492500,0,,single
1788421130,523070,0,,single
1788421131,1036700,0,,single
1788421133,1201870,0,,single
1788421134,521630,0,,single
1788421135,688740,0,,single
1788421137,654850,0,,single
1788421138,1059880,0,,single
1788421139,338060,0,,single
1788421141,883590,0,,single
1788421142,207790,0,,single
1788421144,700100,0,,single
1788421145,581360,0,,single
1788421147,1206600,0,,single
1788421148,1193760,1,,single
1788421149,1554700,0,,single
1788421151,959750,0,,single
1788421152,385070,0,,single
1788421154,509800,0,,single
1788421155,375120,0,,single
1788421157,1133320,0,,single
1788421158,2538390,0,,single
1788421159,3018910,1,,single
1788421161,314320,0,,single
1788421162,3050,0,,single
1788421164,246940,0,,single
1788421165,1103100,0,,single
1788421167,237760,0,,single
1788421168,408250,0,,single
1788421170,412050,0,,single
1788421171,1201840,0,,single
1788421173,2702700,0,,single
1788421174,529160,0,,single
1788421176,573170,0,,single
1788421177,72400,1,,single
1788421179,263420,0,,single
1788421180,405610,0,,single
1788421182,903730,0,,single
1788421183,1835810,0,,single
1788421185,207730,0,,single
1788421186,1076920,0,,single
1788421188,561080,0,,single
1788421189,290650,0,,single
1788421190,394600,0,,single
1788421192,327010,0,,single
1788421193,2083900,0,,single
1788421195,1008690,0,,single
1788421196,941480,0,,single
1788421198,2408680,0,,single
1788421199,611180,0,,single
1788421201,765880,0,,single
1788421204,1631210,0,,single
1788421205,856370,0,,single
1788421207,1071290,0,,single
1788421208,262770,0,,single
1788421210,380580,0,,single
1788421211,1568620,2,,single
1788421213,215870,0,,single
1788421214,461700,0,,single
1788421216,719200,0,,single
1788421217,556280,0,,single
1788421219,746920,0,,single
1788421220,905690,0,,single
1788421222,305980,0,,single
1788421223,765640,0,,single
1788421225,102200,0,,single
1788421226,1742450,0,,single
1788421228,1116210,1,,single
1788421229,2158270,0,,single
1788421231,455020,0,,single
1788421232,11370,0,,single
1788421234,1053000,0,,single
1788421235,1217410,0,,single
1788421237,567130,0,,single
1788421238,546980,1,,single
1788421240,876900,0,,single
1788421241,248730,0,,single
1788421243,447940,0,,single
1788421245,479010,0,,single
1788421246,1280300,0,,single
1788421248,1212940,0,,single
1788421249,1599470,0,,single
1788421250,1409710,0,,single
1788421252,251710,0,,single
1788421253,871950,0,,single
1788421255,1016860,0,,single
1788421256,2540,0,,single
1788421258,316890,0,,single
1788421259,1120690,0,,single
1788421261,441670,0,,single
1788421262,574140,0,,single
1788421263,1186220,0,,single
1788421265,1620720,0,,single
1788421266,1990260,0,,single
1788421267,1148560,1,,single
1788421269,631980,0,,single
1788421270,596940,0,,single
1788421272,492290,1,,single
1788421273,1055090,0,,single
1788421274,700160,0,,single
1788421276,1076530,0,,single
1788421277,355860,0,,single
1788421279,319740,0,,single
1788421280,405180,0,,single
1788421281,481190,0,,single
1788421283,2821850,0,,single
1788421284,1452850,0,,single
1788421286,306680,0,,single
1788421287,355920,0,,single
1788421288,292480,0,,single
1788421290,249570,0,,single
1788421291,2088650,0,,single
1788421293,548340,0,,single
1788421294,327260,0,,single
1788421295,1219480,0,,single
1788421297,2455040,0,,single
1788421298,810230,0,,single
1788421300,1376890,0,,single
1788421301,650780,1,,single
1788421303,959880,0,,single
1788421304,384960,0,,single
1788421305,1917450,0,,single
1788421307,455440,0,,single
1788421308,99400,0,,single
1788421310,290970,0,,single
1788421311,231720,0,,single
1788421313,326950,0,,single
1788421314,890920,0,,single
1788421316,1036850,0,,single
1788421317,301690,0,,single
1788421319,1420050,0,,single
1788421320,310850,0,,single
1788421322,341710,0,,single
1788421323,253370,0,,single
1788421324,914290,0,,single
1788421326,671700,0,,single
1788421327,1586830,0,,single
1788421329,476540,0,,single
1788421330,673070,0,,single
1788421332,1045080,1,,single
1788421333,279640,0,,single
1788421335,428630,1,,single
1788421336,357120,0,,single
1788421338,513330,0,,single
1788421339,390040,0,,single
1788421341,256070,0,,single
1788421342,933450,0,,single
1788421344,384000,0,,single
1788421345,2095290,1,,single
1788421347,501180,0,,single
1788421348,219200,0,,single
1788421350,1919720,0,,single
1788421351,414580,0,,single
1788421353,2779440,0,,single
1788421355,1782670,0,,single
1788421356,1978330,0,,single
1788421358,444720,0,,single
1788421359,447570,0,,single
1788421361,341730,0,,single
1788421362,1172510,0,,single
1788421364,731770,0,,single
1788421365,799860,0,,single
1788421367,458480,1,,single
1788421368,394700,0,,single
1788421370,1309,0,,single
1788421371,836940,0,,single
1788421373,657090,0,,single
1788421374,809730,0,,single
1788421376,2788360,0,,single
1788421377,1212410,1,,single
1788421379,739130,0,,single
1788421380,409380,0,,single
1788421382,882250,0,,single
1788421383,454140,0,,single
1788421385,906930,0,,single
1788421386,762560,0,,single
1788421388,272330,0,,single
1788421389,1926270,0,,single
1788421391,96200,1,,single
1788421392,1324070,1,,single
1788421394,1250440,0,,single
1788421395,237570,0,,single
1788421397,340200,0,,single
1788421398,224040,0,,single
1788421399,889770,0,,single
1788421401,2948790,0,,single
1788421402,1547380,0,,single
1788421404,220900,0,,single
1788421405,518800,0,,single
1788421406,458920,0,,single
1788421408,341120,0,,single
1788421409,313830,0,,single
1788421411,417110,0,,single
1788421412,427810,0,,single
1788421414,1177130,0,,single
1788421415,399600,0,,single
1788421417,374830,0,,single
1788421418,893950,0,,single
1788421420,614950,0,,single
1788421421,1405440,0,,single
1788421423,431770,0,,single
1788421424,328220,0,,single
1788421426,305070,0,,single
1788421427,1114030,0,,single
1788421429,1444020,0,,single
1788421430,793490,0,,single
1788421432,2954260,0,,single
1788421433,1530750,0,,single
1788421435,1640720,0,,single
1788421436,513890,0,,single
1788421438,600120,0,,single
1788421439,293940,0,,single
1788421440,374060,0,,single
1788421442,364940,0,,single
1788421443,1377550,0,,single
1788421445,1567370,0,,single
1788421446,286380,0,,single
1788421447,540510,0,,single
1788421449,827860,0,,single
1788421450,204560,0,,single
1788421452,2497560,0,,single
1788421453,1058130,0,,single
1788421454,269230,0,,single
1788421456,2246120,0,,single
1788421457,2070850,0,,single
1788421459,2254710,2,,single
1788421462,497820,0,,single
1788421464,600610,1,,single
1788421465,844380,0,,single
1788421466,61730,0,,single
1788421468,251310,0,,single
1788421469,380670,0,,single
1788421471,342550,0,,single
1788421472,828150,0,,single
1788421474,261680,0,,single
1788421475,777650,0,,single
1788421477,623310,0,,single
1788421478,1802860,0,,single
1788421480,868150,0,,single
1788421481,585180,0,,single
1788421482,259660,0,,single
1788421484,841350,0,,single
1788421485,2604410,0,,single
1788421487,1384320,0,,single
1788421488,555450,0,,single
1788421490,1225810,0,,single
1788421491,2272630,0,,single
1788421493,428220,0,,single
1788421494,1501410,0,,single
1788421496,467210,0,,single
1788421497,682140,0,,single
1788421499,1251300,0,,single
1788421500,573080,0,,single
1788421503,873220,0,,single
1788421505,818210,0,,single
1788421506,466980,0,,single
1788421508,1058370,0,,single
1788421509,58200,0,,single
1788421511,215550,0,,single
1788421512,328100,0,,single
1788421514,2741620,0,,single
1788421515,2508890,1,,single
1788421517,1469370,0,,single
1788421518,427910,0,,single
1788421520,589200,0,,single
1788421521,1552250,0,,single
1788421523,606510,0,,single
1788421525,904990,0,,single
1788421526,1015920,0,,single
1788421528,312010,0,,single
1788421529,1326000,0,,single
1788421531,1410870,0,,single
1788421532,1961300,0,,single
1788421533,488660,1,,single
1788421535,1702180,0,,single
1788421536,345010,1,,single
1788421538,42140,1,,single
1788421539,2545,1,,single
1788421541,344410,0,,single
1788421542,2550,1,,single
1788421544,545050,0,,single
1788421545,1203370,0,,single
1788421547,373480,0,,single
1788421548,912370,0,,single
1788421550,1420830,0,,single
1788421551,324120,0,,single
1788421553,360970,0,,single
1788421554,668320,0,,single
1788421556,1190130,0,,single
1788421557,510650,1,,single
1788421559,307090,0,,single
1788421560,517720,0,,single
1788421562,513320,0,,single
1788421563,660920,0,,single
1788421565,355520,0,,single
1788421566,1034040,0,,single
1788421567,21030,0,,single
1788421569,868080,0,,single
1788421570,307010,0,,single
1788421572,556130,0,,single
1788421573,852300,1,,single
1788421575,38210,0,,single
1788421576,2110510,0,,single
1788421578,427780,1,,single
1788421579,655550,0,,single
1788421581,998660,0,,single
1788421582,505060,0,,single
1788421583,630030,0,,single
1788421585,485730,0,,single
1788421586,412170,0,,single
1788421588,1521190,0,,single
1788421589,423710,1,,single
1788421590,2216040,0,,single
1788421592,1449430,1,,single
1788421593,690060,0,,single
1788421595,1128480,0,,single
1788421596,248290,0,,single
1788421597,1343620,0,,single
1788421599,238050,1,,single
1788421600,356250,0,,single
1788421602,386640,1,,single
1788421603,1370410,0,,single
1788421605,244690,0,,single
1788421606,253630,0,,single
1788421608,1790340,2,,single
1788421609,2010370,0,,single
1788421611,1125710,0,,single
1788421612,1740680,0,,single
1788421613,1031440,0,,single
1788421615,371510,0,,single
1788421616,23500,1,,single
1788421618,1045840,0,,single
1788421619,2642700,0,,single
1788421621,2776600,0,,single
1788421622,552160,0,,single
1788421624,745760,0,,single
1788421625,603190,0,,single
1788421627,1791910,0,,single
1788421628,96800,0,,single
1788421630,293480,0,,single
1788421631,893790,0,,single
1788421633,1697720,0,,single
1788421634,401690,0,,single
1788421636,551700,0,,single
1788421637,46400,0,,single
1788421639,830980,1,,single
1788421640,1564110,0,,single
1788421642,1689350,0,,single
1788421643,895200,0,,single
1788421645,321920,0,,single
1788421646,459940,0,,single
1788421648,548370,0,,single
1788421649,533950,0,,single
1788421651,695050,0,,single
1788421652,803830,0,,single
1788421654,629960,0,,single
1788421655,863400,0,,single
1788421657,858060,0,,single
1788421658,23380,0,,single
1788421660,1156000,0,,single
1788421661,1988830,0,,single
1788421663,834150,0,,single
1788421664,1194700,0,,single
1788421666,466870,0,,single
1788421667,1122100,0,,single
1788421669,587470,0,,single
1788421670,589420,0,,single
1788421671,2831060,0,,single
1788421673,1917550,0,,single
1788421674,2088280,0,,single
1788421676,486510,0,,single
1788421677,535760,1,,single
1788421678,588180,0,,single
1788421680,1151250,0,,single
1788421681,363530,0,,single
1788421683,1300600,1,,single
1788421684,355240,0,,single
1788421685,98900,0,,single
1788421687,418440,1,,single
1788421688,544310,1,,single
1788421690,264540,0,,single
1788421691,745560,0,,single
1788421693,603140,0,,single
1788421694,319470,0,,single
1788421696,1374480,0,,single
1788421697,1215260,0,,single
1788421699,531660,0,,single
1788421700,1335030,0,,single
1788421702,899160,0,,single
1788421704,1179560,0,,single
1788421705,1477770,1,,single
1788421707,968500,0,,single
1788421708,664090,0,,single
1788421710,898160,0,,single
1788421711,730620,0,,single
1788421712,401760,0,,single
1788421714,414510,1,,single
1788421715,336760,0,,single
1788421717,1480370,0,,single
1788421718,1666510,0,,single
1788421720,283660,0,,single
1788421721,1708190,0,,single
1788421722,1818280,0,,single
1788421724,709410,0,,single
1788421725,873200,0,,single
1788421727,384750,0,,single
1788421728,915490,0,,single
1788421730,746910,0,,single
1788421731,340360,0,,single
1788421733,299420,0,,single
1788421734,595790,0,,single
1788421735,596240,0,,single
1788421737,305920,1,,single
1788421738,519080,0,,single
1788421740,491420,0,,single
1788421741,371390,0,,single
1788421742,48900,1,,single
1788421744,273760,0,,single
1788421745,2508980,0,,single
1788421747,1131900,0,,single
1788421748,965890,0,,single
1788421750,203990,0,,single
1788421751,1262190,0,,single
1788421752,407020,0,,single
1788421754,416060,0,,single
1788421755,105420,0,,single
1788421756,1338250,1,,single
1788421758,633950,1,,single
1788421759,440550,0,,single
1788421761,1028930,0,,single
1788421762,799500,0,,single
1788421763,521500,0,,single
1788421765,1819160,0,,single
1788421766,327310,0,,single
1788421767,46520,0,,single
1788421769,727910,0,,single
1788421770,36000,0,,single
1788421772,907210,1,,single
1788421773,687650,0,,single
1788421775,979260,0,,single
1788421776,321030,0,,single
1788421778,994020,0,,single
1788421779,23700,0,,single
1788421781,1385880,0,,single
1788421782,1546930,0,,single
1788421784,3122990,1,,single
1788421785,596000,0,,single
1788421787,3050530,1,,single
1788421788,783240,0,,single
1788421790,448580,0,,single
1788421791,339290,0,,single
1788421793,725100,0,,single
1788421795,274480,1,,single
1788421796,875740,0,,single
1788421798,3043740,0,,single
1788421799,515020,0,,single
1788421802,2158650,0,,single
1788421804,357600,0,,single
1788421805,280640,0,,single
1788421807,1134030,0,,single
1788421808,1454730,0,,single
1788421810,252050,0,,single
1788421811,1431240,1,,single
1788421813,355400,0,,single
1788421814,491470,0,,single
1788421816,444800,0,,single
1788421817,1306970,0,,single
1788421818,389220,0,,single
1788421820,1907900,0,,single
1788421821,217120,0,,single
1788421823,1240810,0,,single
1788421824,335320,0,,single
1788421826,333210,0,,single
1788421827,381140,0,,single
1788421829,205550,0,,single
1788421830,406940,1,,single
1788421832,523740,0,,single
1788421833,251910,1,,single
1788421834,881920,0,,single
1788421836,752910,0,,single
1788421837,513490,0,,single
1788421839,1007740,0,,single
1788421840,599960,0,,single
1788421842,1125330,0,,single
1788421843,513570,0,,single
1788421845,1347450,0,,single
1788421846,605830,0,,single
1788421847,390570,0,,single
1788421849,395350,0,,single
1788421850,211280,0,,single
1788421852,2310160,0,,single
1788421853,2761940,0,,single
1788421855,437530,0,,single
1788421856,1229880,0,,single
1788421857,278440,0,,single
1788421859,45410,0,,single
1788421860,586970,0,,single
1788421862,464960,0,,single
1788421863,414550,0,,single
1788421865,1728840,0,,single
1788421866,214570,0,,single
1788421868,907310,0,,single
1788421869,1269550,0,,single
1788421871,364910,0,,single
1788421872,1057540,0,,single
1788421874,273620,0,,single
1788421875,540900,0,,single
1788421876,1585540,0,,single
1788421878,340800,0,,single
1788421879,555670,0,,single
1788421881,558110,0,,single
1788421882,478010,0,,single
1788421884,1455590,0,,single
1788421885,1661690,0,,single
1788421886,586240,0,,single
1788421888,297490,0,,single
1788421889,238630,0,,single
1788421891,269690,0,,single
1788421892,645320,0,,single
1788421894,1190160,0,,single
1788421895,1683100,0,,single
1788421896,566530,0,,single
1788421898,251490,0,,single
1788421899,403700,0,,single
1788421901,452420,0,,single
1788421902,1286730,0,,single
1788421904,2773520,0,,single
1788421905,2673660,0,,single
1788421907,612620,0,,single
1788421908,375520,0,,single
1788421909,1349830,0,,single
1788421911,290490,0,,single
1788421912,264340,0,,single
1788421914,292060,0,,single
1788421915,837400,0,,single
1788421917,1068070,0,,single
1788421918,1729940,0,,single
1788421920,1320950,0,,single
1788421921,1546280,0,,single
1788421922,1659210,0,,single
1788421924,1031110,0,,single
1788421925,297450,0,,single
1788421927,1172900,0,,single
1788421928,584930,0,,single
1788421929,701380,0,,single
1788421931,1427680,0,,single
1788421932,869170,0,,single
1788421934,1092980,0,,single
1788421935,402890,0,,single
1788421937,905660,0,,single
1788421938,285130,0,,single
1788421939,930620,0,,single
1788421941,362410,0,,single
1788421943,488430,0,,single
1788421944,262750,0,,single
1788421946,263920,0,,single
1788421947,1450100,0,,single
1788421948,1608470,0,,single
1788421950,610500,0,,single
1788421951,413170,0,,single
1788421953,1664360,0,,single
1788421954,1322170,0,,single
1788421956,732160,0,,single
1788421957,1608550,1,,single
1788421959,654550,0,,single
1788421960,268200,0,,single
1788421962,348540,0,,single
1788421963,649580,0,,single
1788421965,2276850,0,,single
1788421966,1219590,0,,single
1788421968,1426120,1,,single
1788421969,1105620,0,,single
1788421971,1128140,0,,single
1788421972,205870,1,,single
1788421974,616740,0,,single
1788421975,411080,0,,single
1788421977,526180,0,,single
1788421978,1048740,0,,single
1788421980,335830,0,,single
1788421981,658630,0,,single
1788421983,352780,0,,single
1788421984,244410,0,,single
1788421986,1346960,0,,single
1788421987,681240,0,,single
1788421989,290000,0,,single
1788421990,1146940,0,,single
1788421992,395500,0,,single
1788421993,1154830,0,,single
1788421995,1887020,0,,single
1788421996,299600,0,,single
1788421998,1020330,0,,single
1788421999,946990,1,,single
1788422001,556640,0,,single
1788422002,1587090,0,,single
1788422004,460160,0,,single
1788422005,1084480,2,,single
1788422007,877150,0,,single
1788422008,1202070,0,,single
1788422010,587580,0,,single
1788422011,1318790,1,,single
1788422013,334190,1,,single
1788422014,679490,0,,single
1788422016,1671550,2,,single
1788422017,358960,0,,single
1788422019,49900,0,,single
1788422020,1733500,0,,single
1788422022,742170,0,,single
1788422023,342970,0,,single
1788422024,319280,0,,single
1788422026,1272580,0,,single
1788422027,241760,0,,single
1788422029,1301220,1,,single
1788422030,985760,0,,single
1788422031,577410,1,,single
1788422033,262190,0,,single
1788422034,555050,0,,single
1788422036,887370,0,,single
1788422037,1695670,0,,single
1788422039,27900,0,,single
1788422040,1252300,0,,single
1788422042,733740,0,,single
1788422043,1276470,0,,single
1788422045,1206670,0,,single
1788422046,558660,0,,single
1788422047,2342980,0,,single
1788422049,427660,0,,single
1788422050,98600,0,,single
1788422052,1022780,0,,single
1788422053,696530,0,,single
1788422055,297310,0,,single
1788422056,203560,0,,single
1788422058,365050,0,,single
1788422059,444880,0,,single
1788422060,972740,0,,single
1788422062,1836220,0,,single
1788422063,952200,0,,single
1788422065,279540,0,,single
1788422066,386080,0,,single
1788422068,1701190,0,,single
1788422069,273940,0,,single
1788422071,457570,0,,single
1788422072,438920,0,,single
1788422074,490930,1,,single
1788422075,396030,0,,single
1788422077,780750,0,,single
1788422078,1010270,0,,single
1788422080,229600,1,,single
1788422084,1101400,0,,single
1788422085,1155830,0,,single
1788422087,1015130,0,,single
1788422088,2249830,1,,single
1788422090,718370,0,,single
1788422091,1538850,0,,single
1788422093,1268900,0,,single
1788422094,708580,0,,single
1788422096,262900,0,,single
1788422097,306550,0,,single
1788422099,2273880,0,,single
1788422100,881040,0,,single
1788422103,292200,0,,single
1788422105,334690,0,,single
1788422106,1851730,0,,single
1788422108,755410,0,,single
1788422109,314380,0,,single
1788422111,824850,0,,single
1788422112,1414800,0,,single
1788422114,1593490,0,,single
1788422115,1241040,0,,single
1788422117,710600,1,,single
1788422118,1093320,0,,single
1788422120,594490,0,,single
1788422121,1012730,0,,single
1788422123,330270,0,,single
1788422124,1619220,0,,single
1788422126,537520,0,,single
1788422127,382090,0,,single
1788422128,777240,0,,single
1788422130,792570,0,,single
1788422131,313590,0,,single
1788422133,1228560,0,,single
1788422134,377360,0,,single
1788422136,324170,0,,single
1788422137,354400,0,,single
1788422139,724350,0,,single
1788422140,429580,0,,single
1788422142,1453600,0,,single
1788422143,492180,0,,single
1788422144,771310,0,,single
1788422146,449730,0,,single
1788422147,358650,0,,single
1788422149,1094320,0,,single
1788422150,1256830,0,,single
1788422152,1210610,0,,single
1788422153,301700,0,,single
1788422155,1021800,0,,single
1788422156,1899810,1,,single
1788422158,1156730,0,,single
1788422159,1092530,0,,single
1788422161,1311640,0,,single
1788422162,277520,1,,single
1788422164,388970,0,,single
1788422165,436530,0,,single
1788422167,485490,0,,single
1788422168,268770,0,,single
1788422170,1198040,0,,single
1788422171,335100,0,,single
1788422173,1755030,1,,single
1788422174,1761900,0,,single
1788422176,1389260,0,,single
1788422177,435490,0,,single
1788422179,861930,0,,single
1788422180,594050,0,,single
1788422182,574030,0,,single
1788422183,340280,0,,single
1788422185,363520,0,,single
1788422186,677450,0,,single
1788422188,2094250,0,,single
1788422189,706490,0,,single
1788422191,946660,0,,single
1788422192,374410,0,,single
1788422194,356890,1,,single
1788422195,1211110,0,,single
1788422197,1557580,0,,single
1788422198,263380,0,,single
1788422200,491090,0,,single
1788422201,377290,0,,single
1788422203,379640,0,,single
1788422204,685790,0,,single
1788422206,2274510,0,,single
1788422207,1168610,0,,single
1788422209,1265230,1,,single
1788422210,495350,1,,single
1788422212,288220,1,,single
1788422213,857060,0,,single
1788422214,359190,1,,single
1788422216,1208520,0,,single
1788422217,390610,0,,single
1788422219,337270,0,,single
1788422220,246740,0,,single
1788422221,610750,0,,single
1788422223,352070,0,,single
1788422224,690980,0,,single
1788422226,1707540,0,,single
1788422227,362610,0,,single
1788422228,482390,0,,single
1788422230,1384620,0,,single
1788422231,415950,0,,single
1788422233,1015940,1,,single
1788422234,483960,0,,single
1788422236,2105660,0,,single
1788422237,359960,0,,single
1788422238,289820,0,,single
1788422240,332250,0,,single
1788422241,2113530,0,,single
1788422243,552130,0,,single
1788422244,1363770,0,,single
1788422245,330420,0,,single
1788422247,608110,0,,single
1788422248,320150,0,,single
1788422250,289840,0,,single
1788422251,451980,0,,single
1788422252,687830,0,,single
1788422254,552880,0,,single
1788422255,1524550,1,,single
1788422257,1037410,0,,single
1788422258,1393320,0,,single
1788422260,621020,0,,single
1788422261,778610,0,,single
1788422262,838270,0,,single
1788422264,303550,0,,single
1788422265,644480,0,,single
1788422267,704360,0,,single
1788422268,1871510,0,,single
1788422270,291030,0,,single
1788422271,1131740,0,,single
1788422273,1705930,0,,single
1788422274,345580,0,,single
1788422276,1075400,0,,single
1788422277,1152810,0,,single
1788422279,72900,0,,single
1788422280,931700,0,,single
1788422281,462100,0,,single
1788422283,759570,0,,single
1788422284,656140,0,,single
1788422286,1350340,0,,single
1788422287,768750,0,,single
1788422289,477130,0,,single
1788422290,1299480,0,,single
1788422292,1222050,0,,single
1788422293,453670,0,,single
1788422295,529900,0,,single
1788422296,1986230,0,,single
1788422298,2443780,1,,single
1788422299,552390,0,,single
1788422300,342190,0,,single
1788422302,1461740,0,,single
1788422303,461170,0,,single
1788422305,1083310,0,,single
1788422306,527150,0,,single
1788422307,1105590,0,,single
1788422309,1279700,0,,single
1788422310,1231520,0,,single
1788422312,1026160,0,,single
1788422313,1783800,0,,single
1788422315,341090,0,,single
1788422316,569770,0,,single
1788422318,744520,0,,single
1788422319,2026880,1,,single
1788422321,910460,0,,single
1788422322,665890,0,,single
1788422324,922620,0,,single
1788422325,1721350,0,,single
1788422327,1291240,0,,single
1788422328,352160,0,,single
1788422330,16600,0,,single
1788422331,897440,0,,single
1788422333,812870,0,,single
1788422334,1283140,0,,single
1788422336,342350,0,,single
1788422337,1408100,0,,single
1788422339,288020,0,,single
1788422340,386990,0,,single
1788422341,2205290,0,,single
1788422343,1542110,0,,single
1788422344,726200,0,,single
1788422346,536990,0,,single
1788422347,458760,0,,single
1788422348,733800,0,,single
1788422350,2581570,0,,single
1788422351,643980,0,,single
1788422353,299340,0,,single
1788422354,576310,0,,single
1788422355,337820,0,,single
1788422357,1581220,0,,single
1788422359,235070,0,,single
1788422360,909970,0,,single
1788422362,297290,0,,single
1788422363,1253860,0,,single
1788422365,367080,0,,single
1788422366,379960,0,,single
1788422368,342630,0,,single
1788422369,530040,0,,single
1788422371,1000700,0,,single
1788422372,543010,0,,single
1788422374,291630,0,,single
1788422375,971210,0,,single
1788422376,251410,0,,single
1788422378,487180,0,,single
1788422379,987480,0,,single
1788422381,210170,0,,single
1788422382,371450,0,,single
1788422383,1727000,0,,single
1788422385,1546100,0,,single
1788422386,2490160,0,,single
1788422388,362810,0,,single
1788422389,324190,0,,single
1788422391,509880,0,,single
1788422393,865980,0,,single
1788422394,619210,0,,single
1788422396,1919140,0,,single
1788422397,465020,0,,single
1788422399,1503530,0,,single
1788422400,657050,0,,single
1788422403,543390,0,,single
1788422404,269150,0,,single
1788422406,622370,0,,single
1788422407,734550,1,,single
1788422409,1656640,0,,single
1788422410,46750,1,,single
1788422412,1490340,0,,single
1788422414,794820,0,,single
1788422415,1508400,1,,single
1788422417,46570,0,,single
1788422418,502130,0,,single
1788422420,18400,0,,single
1788422421,29130,0,,single
1788422423,1669360,1,,single
1788422424,1288930,0,,single
1788422426,867140,0,,single
1788422427,1819020,0,,single
1788422429,872240,1,,single
1788422430,673850,0,,single
1788422432,1427210,1,,single
1788422433,752500,0,,single
1788422435,346460,0,,single
1788422436,720670,0,,single
1788422438,18070,0,,single
1788422439,377690,1,,single
1788422441,283180,1,,single
1788422442,331340,0,,single
1788422444,591680,0,,single
1788422445,1147330,0,,single
1788422447,560720,0,,single
1788422448,480480,0,,single
1788422450,1847600,0,,single
1788422451,1859490,1,,single
1788422453,820020,0,,single
1788422454,619310,0,,single
1788422456,423120,0,,single
1788422457,1944910,0,,single
1788422459,1471530,0,,single
1788422460,204220,0,,single
1788422462,1704080,0,,single
1788422463,960740,1,,single
1788422465,1378070,0,,single
1788422466,461520,0,,single
1788422468,398980,0,,single
1788422469,494810,0,,single
1788422471,50000,0,,single
1788422472,1364130,0,,single
1788422474,1247110,0,,single
1788422475,398180,0,,single
1788422477,1189230,0,,single
1788422478,857010,0,,single
1788422480,1061610,0,,single
1788422481,1590640,0,,single
1788422482,1604240,0,,single
1788422484,428190,1,,single
1788422486,1885030,0,,single
1788422487,1649830,0,,single
1788422488,1502790,1,,single
1788422490,304910,0,,single
1788422491,1465560,0,,single
1788422493,272990,0,,single
1788422494,1183030,0,,single
1788422495,1311540,0,,single
1788422497,346040,0,,single
1788422498,374400,0,,single
1788422500,408920,0,,single
1788422501,1175200,0,,single
1788422503,882940,0,,single
1788422504,49800,0,,single
1788422506,1422410,0,,single
1788422507,1293040,0,,single
1788422509,2184230,1,,single
1788422510,922450,0,,single
1788422512,1427760,0,,single
1788422513,592030,0,,single
1788422515,595320,0,,single
1788422516,366970,0,,single
1788422518,922630,0,,single
1788422519,434620,0,,single
1788422521,828030,0,,single
1788422522,498320,0,,single
1788422523,1522950,0,,single
1788422525,1315210,0,,single
1788422526,669050,0,,single
1788422528,1325380,0,,single
1788422529,701720,0,,single
1788422531,1015020,0,,single
1788422532,1081670,0,,single
1788422534,521470,0,,single
1788422535,682450,0,,single
1788422537,1215430,0,,single
1788422538,328470,0,,single
1788422539,557520,0,,single
1788422541,216290,0,,single
1788422542,1840610,0,,single
1788422544,495580,0,,single
1788422545,253350,0,,single
1788422547,662210,0,,single
1788422548,323630,0,,single
1788422550,805870,0,,single
1788422551,268670,0,,single
1788422552,372750,0,,single
1788422554,458520,0,,single
1788422555,420770,0,,single
1788422557,839420,0,,single
1788422558,1919740,0,,single
1788422560,581230,0,,single
1788422561,689070,0,,single
1788422562,1615060,2,,single
1788422564,446040,0,,single
1788422565,1825930,0,,single
1788422567,770460,0,,single
1788422568,1528240,0,,single
1788422570,875760,0,,single
1788422571,680830,2,,single
1788422573,1397350,0,,single
1788422574,588120,0,,single
1788422576,366800,0,,single
1788422577,1612140,0,,single
1788422579,1384290,0,,single
1788422580,722870,0,,single
1788422582,780820,0,,single
1788422583,1306570,0,,single
1788422585,934540,0,,single
1788422586,334560,0,,single
1788422588,518620,0,,single
1788422589,720300,0,,single
1788422591,357650,0,,single
1788422592,734120,0,,single
1788422594,1285160,0,,single
1788422595,1236070,0,,single
1788422597,906120,0,,single
1788422598,243280,0,,single
1788422600,293880,0,,single
1788422601,529670,0,,single
1788422603,1487430,0,,single
1788422604,347710,0,,single
1788422606,735350,0,,single
1788422607,449940,0,,single
1788422609,1791790,0,,single
1788422610,368740,0,,single
1788422611,1763830,0,,single
1788422613,369890,0,,single
1788422614,252070,0,,single
1788422616,976780,0,,single
1788422617,557680,0,,single
1788422618,1189060,0,,single
1788422620,1077530,0,,single
1788422621,1436680,0,,single
1788422623,798280,0,,single
1788422624,363410,0,,single
1788422626,1022710,0,,single
1788422627,883220,0,,single
1788422628,359920,0,,single
1788422630,532770,1,,single
1788422631,295730,0,,single
1788422633,1488810,0,,single
1788422634,618100,0,,single
1788422635,508990,0,,single
1788422637,542770,0,,single
1788422638,1859580,0,,single
1788422640,1554400,0,,single
1788422641,962810,0,,single
1788422643,864100,0,,single
1788422644,1109160,0,,single
1788422646,437610,0,,single
1788422647,496250,0,,single
1788422648,476020,1,,single
1788422650,628700,0,,single
1788422651,457490,0,,single
1788422653,801880,0,,single
1788422654,1097000,0,,single
1788422656,880730,0,,single
1788422657,575820,0,,single
1788422659,744050,0,,single
1788422660,603810,0,,single
1788422662,1158720,0,,single
1788422663,1338460,0,,single
1788422665,484350,0,,single
1788422666,1204990,0,,single
1788422668,1844060,0,,single
1788422669,884090,0,,single
1788422671,1040490,0,,single
1788422672,874030,0,,single
1788422674,1089780,0,,single
1788422675,1457730,0,,single
1788422677,1033880,0,,single
1788422678,1034060,0,,single
1788422680,270810,0,,single
1788422681,273600,0,,single
1788422683,341060,0,,single
1788422684,34920,0,,single
1788422686,552460,0,,single
1788422687,403860,0,,single
1788422688,491260,0,,single
1788422690,33730,0,,single
1788422691,1558900,0,,single
1788422693,489020,0,,single
1788422694,790790,0,,single
1788422695,726250,0,,single
1788422697,2220170,0,,single
1788422698,435060,0,,single
1788422700,405650,0,,single
1788422701,441350,0,,single
1788422704,1000770,0,,single
1788422705,1745480,0,,single
1788422707,1492160,0,,single
1788422708,2305180,0,,single
1788422710,1446720,0,,single
1788422711,1983000,0,,single
1788422712,2278830,0,,single
1788422714,264560,0,,single
1788422715,525380,0,,single
1788422717,1388320,0,,single
1788422718,834450,1,,single
1788422720,55000,0,,single
1788422721,1404360,0,,single
1788422723,1338640,0,,single
1788422724,1424870,1,,single
1788422725,1968710,0,,single
1788422727,1171660,0,,single
1788422728,35310,0,,single
1788422730,1551030,0,,single
1788422731,317300,0,,single
1788422732,794240,0,,single
1788422734,1352740,0,,single
1788422735,324070,0,,single
1788422737,266050,0,,single
1788422738,1417420,0,,single
1788422739,264220,0,,single
1788422741,1149710,0,,single
1788422742,921070,0,,single
1788422744,709240,1,,single
1788422745,361600,0,,single
1788422746,1525620,0,,single
1788422748,293900,0,,single
1788422750,305840,0,,single
1788422751,773430,0,,single
1788422752,1291530,0,,single
1788422754,844040,0,,single
1788422755,1399670,0,,single
1788422756,1455920,0,,single
1788422758,431910,0,,single
1788422760,1909770,0,,single
1788422761,228440,0,,single
1788422762,684210,0,,single
1788422764,369040,0,,single
1788422765,265170,0,,single
1788422767,600630,1,,single
1788422768,513360,0,,single
1788422769,523640,0,,single
1788422771,485400,0,,single
1788422772,355070,0,,single
1788422774,654610,0,,single
1788422775,349510,0,,single
1788422777,861400,0,,single
1788422778,990360,0,,single
1788422779,207000,0,,single
1788422781,329200,0,,single
1788422782,252430,0,,single
1788422784,423900,0,,single
1788422785,458600,0,,single
1788422787,729530,0,,single
1788422788,1162480,0,,single
1788422789,1595280,0,,single
1788422791,1916850,0,,single
1788422792,741500,0,,single
1788422794,223450,0,,single
1788422795,837600,0,,single
1788422796,450170,0,,single
1788422798,1076600,0,,single
1788422799,1145630,0,,single
1788422801,697630,0,,single
1788422802,1251980,0,,single
1788422803,988100,0,,single
1788422805,1271080,0,,single
1788422806,856890,0,,single
1788422808,666100,0,,single
1788422809,1283630,0,,single
1788422810,344500,0,,single
1788422812,502720,0,,single
1788422813,523770,0,,single
1788422815,377950,0,,single
1788422816,428200,0,,single
1788422817,389650,1,,single
1788422819,317970,0,,single
1788422820,248450,0,,single
1788422822,1878570,0,,single
1788422823,1392600,0,,single
1788422824,1077450,0,,single
1788422826,1550870,1,,single
1788422827,690420,0,,single
1788422829,420970,0,,single
1788422830,1228570,0,,single
1788422831,494580,0,,single
1788422833,511090,0,,single
1788422834,454160,0,,single
1788422836,246980,0,,single
1788422837,555660,0,,single
1788422838,727510,0,,single
1788422840,2017890,0,,single
1788422841,953870,0,,single
1788422843,375030,0,,single
1788422844,753360,0,,single
1788422845,1339580,0,,single
1788422847,1121590,0,,single
1788422848,1188250,0,,single
1788422849,281860,0,,single
1788422851,303840,0,,single
1788422852,1142220,1,,single
1788422854,654440,0,,single
1788422855,295590,0,,single
1788422857,2013120,0,,single
1788422858,890570,0,,single
1788422860,584170,0,,single
1788422861,610130,0,,single
1788422863,259700,0,,single
1788422864,298340,0,,single
1788422866,327440,0,,single
1788422867,337630,0,,single
1788422869,1027990,0,,single
1788422870,1463470,0,,single
1788422872,438320,0,,single
1788422873,270770,0,,single
1788422875,770500,1,,single
1788422876,335920,0,,single
1788422877,907000,0,,single
1788422879,649890,0,,single
1788422880,1750110,0,,single
1788422882,1268870,0,,single
1788422883,763230,0,,single
1788422884,1158450,0,,single
1788422886,756500,1,,single
1788422887,965080,0,,single
1788422889,1033450,0,,single
1788422890,635880,2,,single
1788422891,598070,0,,single
1788422893,2420620,0,,single
1788422894,1088870,0,,single
1788422895,350780,0,,single
1788422897,321830,0,,single
1788422898,839560,0,,single
1788422900,1388580,1,,single
1788422901,737890,0,,single
1788422902,385590,0,,single
1788422904,1198510,0,,single
1788422905,1500380,0,,single
1788422906,533970,2,,single
1788422908,434680,0,,single
1788422909,1120360,0,,single
1788422911,337720,0,,single
1788422912,513740,1,,single
1788422914,265870,0,,single
1788422915,454180,0,,single
1788422917,535490,0,,single
1788422918,403590,0,,single
1788422919,603360,0,,single
1788422921,772480,0,,single
1788422922,1459500,0,,single
1788422923,1779180,0,,single
1788422925,512230,0,,single
1788422926,348440,1,,single
1788422928,668680,0,,single
1788422929,841270,0,,single
1788422930,1310970,0,,single
1788422932,1149400,0,,single
1788422933,1339260,0,,single
1788422935,422110,0,,single
1788422936,517330,0,,single
1788422938,547480,0,,single
1788422939,815000,0,,single
1788422940,1986390,0,,single
1788422942,1148400,0,,single
1788422943,495780,0,,single
1788422945,392020,0,,single
1788422946,1268530,0,,single
1788422947,1127850,0,,single
1788422949,575650,0,,single
1788422950,338190,0,,single
1788422952,1345080,0,,single
1788422953,435480,0,,single
1788422954,603700,1,,single
1788422956,1707870,2,,single
1788422957,1378800,0,,single
1788422958,650490,0,,single
1788422960,547820,0,,single
1788422961,624890,2,,single
1788422963,1901810,0,,single
1788422964,1452630,1,,single
1788422965,253390,0,,single
1788422967,779100,0,,single
1788422968,961660,0,,single
1788422970,1426480,0,,single
1788422971,286660,0,,single
1788422973,1238520,0,,single
1788422974,530920,0,,single
1788422975,474050,0,,single
1788422977,384690,1,,single
1788422978,588240,0,,single
1788422979,422860,0,,single
1788422981,262240,1,,single
1788422982,385530,0,,single
1788422984,260330,0,,single
1788422985,359560,0,,single
1788422986,766730,0,,single
1788422988,1084980,0,,single
1788422989,1028800,0,,single
1788422991,2281480,0,,single
1788422992,1015710,1,,single
1788422993,1251690,0,,single
1788422995,1261220,0,,single
1788422996,1185600,1,,single
1788422998,437690,0,,single
1788422999,549040,0,,single
1788423000,2356440,0,,single
1788423002,38460,0,,single
1788423003,1785120,0,,single
1788423005,449060,0,,single
1788423006,1219940,0,,single
1788423007,699700,0,,single
1788423009,61310,0,,single
1788423010,1086860,1,,single
1788423011,373990,0,,single
1788423013,1532460,1,,single
1788423014,1003120,0,,single
1788423016,1055490,0,,single
1788423017,462620,1,,single
1788423018,851730,0,,single
1788423020,575860,1,,single
1788423021,360550,0,,single
1788423022,2166640,0,,single
1788423024,625680,0,,single
1788423025,935570,0,,single
1788423026,1821680,0,,single
1788423028,364450,0,,single
1788423029,1639650,0,,single
1788423031,1209140,0,,single
1788423032,257220,0,,single
1788423033,1366720,0,,single
1788423035,720150,0,,single
1788423036,864860,0,,single
1788423038,466800,0,,single
1788423039,1556860,0,,single
1788423041,796620,0,,single
1788423042,528720,2,,single
1788423043,781130,0,,single
1788423045,313390,0,,single
1788423046,252970,0,,single
1788423047,652550,0,,single
1788423049,348790,0,,single
1788423050,710170,0,,single
1788423052,891370,0,,single
1788423053,1333800,0,,single
1788423054,710610,0,,single
1788423056,443420,0,,single
1788423057,531190,0,,single
1788423058,1563340,0,,single
1788423060,631900,0,,single
1788423061,751300,0,,single
1788423063,281060,37,,single
1788423064,498570,0,,single
1788423066,1504110,0,,single
1788423067,1258460,0,,single
1788423068,315920,17,,single
1788423070,1062070,0,,single
1788423071,1341450,0,,single
1788423073,1465210,0,,single
1788423074,907670,0,,single
1788423075,1176020,0,,single
1788423077,915720,0,,single
1788423078,608530,0,,single
1788423080,457890,1,,single
1788423081,311910,0,,single
1788423082,578930,0,,single
1788423084,744270,0,,single
1788423085,1139870,1,,single
1788423087,431640,0,,single
1788423088,233410,0,,single
1788423089,504310,1,,single
1788423091,371010,0,,single
1788423092,434430,1,,single
1788423093,533850,0,,single
1788423095,565030,0,,single
1788423096,1054690,0,,single
1788423098,887820,0,,single
1788423099,879850,0,,single
1788423100,1108090,0,,single
1788423102,974910,0,,single
1788423103,489000,0,,single
1788423104,2018130,2,,single
1788423106,23460,0,,single
1788423107,1900930,0,,single
1788423109,1507530,0,,single
1788423110,262590,0,,single
1788423111,986280,0,,single
1788423113,431120,0,,single
1788423114,551190,0,,single
1788423116,2079180,0,,single
1788423117,1309200,0,,single
1788423119,1971770,0,,single
1788423120,429280,0,,single
1788423122,540100,0,,single
1788423123,446780,0,,single
1788423124,523710,0,,single
1788423126,457580,0,,single
1788423128,804870,0,,single
1788423129,1572270,0,,single
1788423131,1897050,0,,single
1788423132,696560,0,,single
1788423134,698370,0,,single
1788423135,259450,0,,single
1788423137,518120,0,,single
1788423138,853050,0,,single
1788423140,1496180,0,,single
1788423141,390220,0,,single
1788423143,636320,0,,single
1788423144,532920,0,,single
1788423146,379530,0,,single
1788423147,441680,0,,single
1788423149,1499300,0,,single
1788423150,1107370,0,,single
1788423152,490870,0,,single
1788423153,997180,0,,single
1788423155,1094540,0,,single
1788423156,745010,0,,single
1788423158,1223020,0,,single
1788423159,421190,0,,single
1788423161,1107340,0,,single
1788423162,358070,0,,single
1788423164,1831530,0,,single
1788423165,1064420,0,,single
1788423167,1771070,0,,single
1788423168,509560,0,,single
1788423170,2009380,1,,single
1788423171,1662080,0,,single
1788423173,308460,0,,single
1788423174,1503040,0,,single
1788423176,396860,0,,single
1788423178,2102320,0,,single
1788423179,1022480,0,,single
1788423181,553340,0,,single
1788423182,1271540,0,,single
1788423183,451010,0,,single
1788423185,733480,0,,single
1788423186,333260,0,,single
1788423188,1165380,0,,single
1788423189,34810,0,,single
1788423191,416380,0,,single
1788423192,579230,0,,single
1788423194,1316160,1,,single
1788423195,487330,0,,single
1788423196,364820,0,,single
1788423198,763100,0,,single
1788423199,1440360,0,,single
1788423200,671900,0,,single
1788423202,495720,0,,single
1788423203,610660,0,,single
1788423205,2000280,0,,single
1788423206,871570,0,,single
1788423207,264000,0,,single
1788423209,433600,0,,single
1788423210,776890,0,,single
1788423212,1128900,0,,single
1788423213,371650,0,,single
1788423214,420550,0,,single
1788423216,369550,0,,single
1788423217,787930,0,,single
1788423219,1110890,1,,single
1788423220,12460,0,,single
1788423221,347440,0,,single
1788423223,1980390,0,,single
1788423224,360450,0,,single
1788423226,1075430,0,,single
1788423227,721940,0,,single
1788423229,943390,0,,single
1788423230,1168840,0,,single
1788423232,1644840,0,,single
1788423233,331510,0,,single
1788423234,518670,0,,single
1788423236,372690,0,,single
1788423238,502710,0,,single
1788423239,1543460,0,,single
1788423241,302490,1,,single
1788423242,1429640,0,,single
1788423244,2400590,0,,single
1788423245,1779460,1,,single
1788423247,393750,0,,single
1788423248,1076130,0,,single
1788423250,269590,0,,single
1788423251,887970,0,,single
1788423253,994340,0,,single
1788423254,1833300,2,,single
1788423256,2077650,0,,single
1788423257,345060,0,,single
1788423258,377760,0,,single
1788423260,1852830,0,,single
1788423261,1453920,0,,single
1788423263,1091960,0,,single
1788423264,1267950,0,,single
1788423266,727640,0,,single
1788423267,428830,0,,single
1788423269,407720,0,,single
1788423270,1111620,0,,single
1788423271,303510,0,,single
1788423273,696590,0,,single
1788423274,27400,0,,single
1788423276,397570,0,,single
1788423278,383690,0,,single
1788423279,1058280,0,,single
1788423281,628440,1,,single
1788423282,317940,0,,single
1788423284,627910,0,,single
1788423285,1099110,0,,single
1788423286,659480,0,,single
1788423288,6270,0,,single
1788423289,18020,0,,single
1788423291,18420,1,,single
1788423293,27920,0,,single
1788423294,51060,0,,single
1788423296,211070,0,,single
1788423297,212700,0,,single
1788423299,302390,0,,single
1788423300,335120,0,,single
1788423303,337880,0,,single
1788423304,343280,0,,single
1788423306,343390,0,,single
1788423307,358290,0,,single
1788423308,371460,0,,single
1788423310,387010,0,,single
1788423311,389460,0,,single
1788423313,399130,0,,single
1788423314,416290,0,,single
1788423316,426050,0,,single
1788423317,432940,2,,single
1788423319,454380,0,,single
1788423320,466490,1,,single
1788423322,474980,0,,single
1788423323,496040,0,,single
1788423325,499420,0,,single
1788423326,532270,0,,single
1788423328,552780,4,,single
1788423329,573110,1,,single
1788423331,575830,0,,single
1788423332,577530,0,,single
1788423334,589370,0,,single
1788423336,594350,0,,single
1788423337,619490,0,,single
1788423339,636170,0,,single
1788423340,639470,0,,single
1788423342,648890,0,,single
1788423343,650350,0,,single
1788423345,661680,1,,single
1788423346,673660,0,,single
1788423348,690740,0,,single
1788423349,691080,0,,single
1788423351,704000,0,,single
1788423352,706130,0,,single
1788423354,717950,0,,single
1788423356,747190,0,,single
1788423357,749050,0,,single
1788423359,761070,0,,single
1788423360,762520,1,,single
1788423361,820240,0,,single
1788423363,834390,1,,single
1788423364,853240,0,,single
1788423366,856210,0,,single
1788423367,856610,0,,single
1788423369,891170,0,,single
1788423370,909110,0,,single
1788423372,923840,0,,single
1788423374,944120,0,,single
1788423375,950400,0,,single
1788423376,973220,0,,single
1788423378,975240,0,,single
1788423380,976900,0,,single
1788423381,978800,0,,single
1788423383,982150,0,,single
1788423384,995070,0,,single
1788423386,997700,0,,single
1788423387,1001040,1,,single
1788423389,1011290,0,,single
1788423390,1023740,1,,single
1788423392,1024160,0,,single
1788423393,1037120,0,,single
1788423395,1038820,0,,single
1788423397,1040630,1,,single
1788423398,1064010,0,,single
1788423400,1064950,0,,single
1788423401,1065070,0,,single
1788423402,1066630,0,,single
1788423404,1066760,0,,single
1788423405,1075080,1,,single
1788423407,1076210,0,,single
1788423408,1107620,0,,single
1788423410,1126600,0,,single
1788423411,1150890,0,,single
1788423412,1173350,0,,single
1788423414,1173940,0,,single
1788423415,1175190,0,,single
1788423417,1176460,0,,single
1788423419,1180250,0,,single
1788423420,1185700,0,,single
1788423422,1211930,0,,single
1788423423,1216870,1,,single
1788423425,1232010,0,,single
1788423426,1271580,0,,single
1788423428,1284950,0,,single
1788423429,1304660,0,,single
1788423431,1316560,0,,single
1788423432,1320490,0,,single
1788423434,1332990,1,,single
1788423435,1355650,0,,single
1788423437,1397110,1,,single
1788423438,1403830,0,,single
1788423440,1409610,0,,single
1788423441,1410840,0,,single
1788423443,1413250,0,,single
1788423444,1414650,0,,single
1788423445,1424050,1,,single
1788423447,1432750,0,,single
1788423448,1441180,0,,single
1788423449,1465260,0,,single
1788423451,1486440,1,,single
1788423452,1493020,0,,single
1788423454,1500180,0,,single
1788423455,1510630,0,,single
1788423456,1515490,1,,single
1788423458,1525890,0,,single
1788423459,1540060,0,,single
1788423461,1544540,0,,single
1788423462,1557180,0,,single
1788423464,1558490,0,,single
1788423465,1576350,0,,single
1788423466,1586880,0,,single
1788423468,1619330,0,,single
1788423469,1626620,0,,single
1788423471,1631850,0,,single
1788423472,1647730,0,,single
1788423474,1676870,0,,single
1788423475,1677570,0,,single
1788423477,1687210,0,,single
1788423478,1702430,0,,single
1788423480,1707400,0,,single
1788423481,1734890,0,,single
1788423482,1739650,0,,single
1788423484,1775360,0,,single
1788423485,1795180,1,,single
1788423486,1795510,0,,single
1788423488,1820140,0,,single
1788423489,1842480,0,,single
1788423491,1846630,0,,single
1788423492,1856190,1,,single
1788423493,1865010,2,,single
1788423495,1879950,0,,single
1788423496,1910600,0,,single
1788423498,1916280,0,,single
1788423499,1946300,0,,single
1788423500,1949010,1,,single
1788423502,1966070,0,,single
1788423504,1972550,1,,single
1788423505,1996470,0,,single
1788423507,2004360,0,,single
1788423508,2006730,0,,single
1788423510,2008410,1,,single
1788423511,2022090,0,,single
1788423513,2025840,0,,single
1788423514,2058340,0,,single
1788423516,2070000,0,,single
1788423517,2072980,0,,single
1788423519,2092730,0,,single
1788423520,2096570,0,,single
1788423522,2097890,0,,single
1788423523,2118540,0,,single
1788423525,2129470,0,,single
1788423526,2136380,0,,single
1788423528,2149630,0,,single
1788423529,2170370,0,,single
1788423531,2183240,0,,single
1788423532,2219820,0,,single
1788423534,2241560,0,,single
1788423535,2243250,0,,single
1788423537,2314180,0,,single
1788423538,2409110,0,,single
1788423540,2431700,0,,single
1788423541,2443090,0,,single
1788423542,2446190,0,,single
1788423544,2477140,0,,single
1788423545,2485750,0,,single
1788423547,2545220,1,,single
1788423548,2581750,0,,single
1788423549,2583300,1,,single
1788423551,2641490,1,,single
1788423552,2696780,1,,single
1788423554,2761240,0,,single
1788423555,2785110,0,,single
1788423556,2851770,3,,single
1788423558,2853130,2,,single
1788423559,2855480,0,,single
1788423561,2865220,0,,single
1788423562,2899980,0,,single
1788423563,2921650,0,,single
1788423565,2954920,1,,single
1788423566,2963890,0,,single
1788423568,2968170,0,,single
1788423569,2976490,0,,single
1788423570,2979220,0,,single
1788423572,2981650,0,,single
1788423573,3040220,0,,single
1788423575,3061580,0,,single
1788423576,3111680,0,,single
1788423577,3118160,0,,single
1788423579,3122170,0,,single
1788423580,3125120,0,,single
1788423582,3139140,0,,single
1788423583,3151710,0,,single
1788423584,3151830,1,,single
1788423586,3187700,0,,single
1788423587,3201570,0,,single
1788423588,3245330,0,,single
1788423590,3303780,1,,single
1788423591,3306400,0,,single
1788423593,3322850,0,,single
1788423594,3478200,1,,single
1788423595,3481320,0,,single
1788423597,3553110,0,,single
